test/images/AQUA1_46564_checkin_2020-10-26-8-6Bx7lUNRXBR_jpg.rf.NR6LnFo1D9JUsJqsMJNQ.jpg	30F46564
test/images/AQUA1_58236_checkin_2020-10-23-10-27jaFmTKRSGG_jpg.rf.Pg9nNYnl2atIZItE1Mv4.jpg	30G58236
test/images/AQUA2_13497_checkoutex_2020-11-2-12-59lIR9OTjeVO_jpg.rf.HeWgbo7FoxuL6O2z92eo.jpg	89C13497
test/images/AQUA2_14436_checkin_2020-10-31-10-10eO5j566liB_jpg.rf.uKJAiP3tmsYtWhdomm6C.jpg	88A14436
test/images/AQUA2_15717_checkin_2020-10-26-9-194Wqra7pkPI_jpg.rf.VpwmFAlUnkJMTlp8t6yl.jpg	89A15717
test/images/AQUA2_37213_checkin_2020-10-26-7-16EyKRT_GdMr_jpg.rf.Ha1x98SnWzWuiPWGMibE.jpg	30G37213
test/images/AQUA2_94303_checkin_2020-10-29-14-43PZ65J83E52_jpg.rf.46MplqBcaeZ4PT3wCGc1.jpg	51G94303
test/images/AQUA2_95394_checkin_2020-10-31-11-2uFpYxFnvy__jpg.rf.UGtyDQeBJJm4A894aNNa.jpg	29A95394
test/images/AQUA4_07227_checkin_2020-10-30-10-591KEMBV603q_jpg.rf.cAPdrDEby74gOjN4bCDR.jpg	80F07227
test/images/AQUA4_07758_checkin_2020-10-24-7-15VUd2e5bDOG_jpg.rf.vDaG9vHRcQOq3PY2bPFa.jpg	89A107758
test/images/AQUA4_07758_checkin_2020-10-25-15-492__ER4WdF__jpg.rf.GmGIVbD1NbO2s86idzOk.jpg	89A07758
test/images/AQUA4_25649_checkin_2020-10-25-14-48O4sqvOndJt_jpg.rf.A9myOyBFiD5fHQvjrXwF.jpg	36A25649
test/images/AQUA4_49056_checkin_2020-10-25-15-37TrBmGILxvj_jpg.rf.XxJ5aslTb3to2Bd9Oojh.jpg	30F49056
test/images/AQUA4_59068_checkin_2020-10-30-15-13_Ia6JRSjwK_jpg.rf.JJWf4gIt99D1uKsLtWmH.jpg	30G59068
test/images/AQUA5_00635_checkin_2020-11-1-17-3148ZtOahbe_jpg.rf.fEEEdl5K4G4Xotgy21Mz.jpg	16A00635
test/images/AQUA5_09566_checkin_2020-10-22-8-36zhkfoto7iM_jpg.rf.PAYw7JAaIwRfr9sDnHFJ.jpg	29D09566
test/images/AQUA5_19643_checkin_2020-11-1-20-57OzU4JBoB8_jpg.rf.e08i46ZJU23mGT882fu0.jpg	30F19643
test/images/AQUA5_36127_checkin_2020-10-31-13-342uYUzWqJrA_jpg.rf.R8fRTNJvfcmFAn3ouPn4.jpg	30F36127
test/images/AQUA5_36253_checkin_2020-11-2-9-57WMyEigYyem_jpg.rf.0rrDT3kQ9EVBkS8ErBfK.jpg	80F36253
test/images/AQUA5_36A04104_checkoutex_2020-10-26-7-36kcK9Unm0s3_jpg.rf.WzX80ALjYW7sFbsNZRsj.jpg	36A04104
test/images/AQUA5_4253_checkin_2020-10-23-9-25vsbu2pgGgK_jpg.rf.XfRoFuCGvdF8nbCgyOl1.jpg	30T14253
test/images/AQUA5_58236_checkin_2020-10-31-16-756F6LQrF7J_jpg.rf.lDaBueUXQ7GSNB56GzjU.jpg	30G58236
test/images/AQUA7_02141_checkin_2020-10-27-7-43vG0CKfYvvf_jpg.rf.fJVhuZ6CGPJ40YCTBbAy.jpg	30E02141
test/images/AQUA7_08877_checkin_2020-10-24-10-462Mpgdeob4A_jpg.rf.9kunOp4RL3YW5B2W4czE.jpg	89A08877
test/images/AQUA7_17339_checkin_2020-10-27-16-41S6GcWgNXWL_jpg.rf.00uQaKFlqwRWZ1zWQGEH.jpg	98A17339
test/images/AQUA7_19909_checkin_2020-10-29-0-20XbQxBkO41n_jpg.rf.w38uBlaMiN8Vz8oImwVH.jpg	30G19909
test/images/AQUA7_20784_checkin_2020-11-1-15-54V7qhZNYbg5_jpg.rf.klIZdw1SizeXJLAw6Cd7.jpg	30F220784
test/images/AQUA7_29A09586_checkin_2020-10-22-8-20LWdwM56_12_jpg.rf.EsvLSb3u9mKC58t1RHCG.jpg	29A09586
test/images/AQUA7_51443_checkin_2020-10-22-9-475eZ5luTcTp_jpg.rf.UHm3pfy8gtFXNpXMgoAW.jpg	30F51443
test/images/AQUA7_51624_checkin_2020-11-1-15-9q58rAJpN6r_jpg.rf.oGn7SZVuKOomlATXdQX6.jpg	30G51624
test/images/AQUA7_6295_checkin_2020-11-1-7-35HXG6Y7np4d_jpg.rf.77J70P4uspHVq76Qmxvo.jpg	30X6295
test/images/AQUA7_77379_checkin_2020-10-29-22-4Ftq5x7prc9_jpg.rf.kZpAc7hSPj3J7hjbFGs3.jpg	33T77379
test/images/AQUA7_98131_checkin_2020-10-28-10-4176MZYPMvfp_jpg.rf.aeWkjwxT0NZjEhfNSnk7.jpg	30E98131
train/images/AEONTP_51F86947_checkin_2020-1-13-16-15sUVxP1Ihlt_jpg.rf.u7u5CUcaOPuxPwliY7Vf.jpg	51F86947
train/images/AEONTP_56P6961_checkin_2020-1-13-16-18chzYQvblhX_jpg.rf.jwVfqE6xGzCzYvsFTE5L.jpg	56P6961
train/images/AEONTP_62A02636_checkin_2020-1-13-16-14gXI_gF3J5Z_jpg.rf.MtUTBrULNM0BGCJajBTI.jpg	62A02636
train/images/AEONTP_6A00530_checkin_2020-1-13-16-16i7h_Z3Ua0Y_jpg.rf.3b3sDJQ2LlXgVFn99RAr.jpg	61A00530
train/images/AQUA1_17054_checkin_2020-10-23-10-17jwhBJ7kzC__jpg.rf.bXsCo8o4yc8prLJQn1pZ.jpg	29H17054
train/images/AQUA1_25697_checkin_2020-10-23-8-17cJpC9WhKCt_jpg.rf.xeVzgJgzqvTuUuzv62yo.jpg	30F25697
train/images/AQUA1_25697_checkin_2020-10-23-8-53U3VaS26nFf_jpg.rf.eSMyg1468xvxmHEGTO9q.jpg	30F25697
train/images/AQUA1_33928_checkin_2020-10-23-8-46Pi5S8mEXah_jpg.rf.TmKn5LZOfUD7RzhWOD5P.jpg	29A33928
train/images/AQUA1_33928_checkin_2020-10-23-8-51ICUxEIQDLw_jpg.rf.xydfIhv6fkOEn3e1BBra.jpg	29A33928
train/images/AQUA1_40304_checkin_2020-10-25-12-277bdC7U4qUk_jpg.rf.dqB7ZvSHekRmdWlZNPEO.jpg	30G40304
train/images/AQUA1_43502_checkin_2020-10-23-8-17ifoUU8ftDr_jpg.rf.JgNC51EdPSwM6resPcH3.jpg	30E43502
train/images/AQUA1_46294_checkin_2020-10-23-10-18fmUaDsXxvM_jpg.rf.M9O1pEYU2Rso4emCvWdR.jpg	29A46294
train/images/AQUA1_46294_checkin_2020-10-23-8-19UnQ54DsL8f_jpg.rf.izmrWrJSCp4n2ftakqsK.jpg	29A46294
train/images/AQUA1_49502_checkin_2020-10-23-7-53p0QWmANSgh_jpg.rf.o4SsUvx6q324NdBcHzeq.jpg	30E43502
train/images/AQUA1_68251_checkin_2020-10-23-9-38zxToTe0QmX_jpg.rf.fRZFU9YbzhdIGmJiG32j.jpg	30A68251
train/images/AQUA1_68251_checkin_2020-10-23-9-41C6fwkFl2VE_jpg.rf.MDezkEkX9LuonWcHFQy0.jpg	40A68251
train/images/AQUA1_71165_checkin_2020-10-23-9-38guv8BWEboV_jpg.rf.o2dlwqCjAvdD0InN0qQC.jpg	30F71165
train/images/AQUA1_71554_checkin_2020-10-23-10-25Eczzz4NzBd_jpg.rf.l9yvtWpT8ibGeAWUj0Rc.jpg	30F71554
train/images/AQUA1_86034_checkin_2020-10-23-10-18j2Kr8odsYP_jpg.rf.A7TYcEt9w2b0sRfAHs4e.jpg	30F86034
train/images/AQUA1_86034_checkin_2020-10-23-8-18Fz6zs0eJJT_jpg.rf.UBISYg8FYcBbwHLqEcm5.jpg	30F86034
train/images/AQUA2_0009_checkin_2020-11-2-7-27SzuD50iOif_jpg.rf.7PuenwvfEu5m9tZiyR8u.jpg	56S0009
train/images/AQUA2_0009_checkoutex_2020-11-2-7-28oqoVqSb5nt_jpg.rf.3Zkn7U80lkM3LN4aM85j.jpg	56S0009
train/images/AQUA2_04180_checkin_2020-10-24-8-27mco3wdTq4q_jpg.rf.wxjRv8GCRn8Z1djsHQ2z.jpg	30A04180
train/images/AQUA2_04180_checkin_2020-10-24-8-29xXod6kYSXz_jpg.rf.oiRlGhWw9MnqpmrtxZh7.jpg	30A04180
train/images/AQUA2_04180_checkin_2020-11-2-7-21BPppqJjYMv_jpg.rf.i8caJjlUtln1R64cPK0U.jpg	30A04180
train/images/AQUA2_04914_checkin_2020-11-1-15-59tA_LNjYPcp_jpg.rf.qzB0I6yKuteeKvBDJnD5.jpg	30E04914
train/images/AQUA2_04926_checkin_2020-10-30-11-162zkpEK7l3M_jpg.rf.IBqvLBjwtwisvuAR66Do.jpg	30A04926
train/images/AQUA2_05684_checkin_2020-11-1-15-24S9e2ulrvsu_jpg.rf.hO2YPVIA6EVM8xxYbhlj.jpg	30A05684
train/images/AQUA2_05685_checkin_2020-10-26-15-30McH71I1WZz_jpg.rf.vI1PiP63mEYfte8gqLYE.jpg	29D05685
train/images/AQUA2_05685_checkin_2020-10-26-15-31iYBCmaQio4_jpg.rf.KahY33IoS0DdAcemk9kO.jpg	29D05685
train/images/AQUA2_05685_checkin_2020-10-26-15-31jdKskibM8n_jpg.rf.FK8zpRxRAJmZc1YfYYfS.jpg	29D05685
train/images/AQUA2_06932_checkin_2020-11-2-16-3EuXNUXG7rj_jpg.rf.VCGwidPGpWzNf9c34KOz.jpg	89A06932
train/images/AQUA2_07718_checkin_2020-10-26-8-41Ix7h52swuU_jpg.rf.xddqOO7KwrOlmdMnDqft.jpg	90A07718
train/images/AQUA2_07826_checkin_2020-10-26-9-28F_iHuI8_8Q_jpg.rf.NrR0fDTCCxsmkG5Akrqa.jpg	18A07826
train/images/AQUA2_07881_checkin_2020-10-28-8-8jw5pZGoF3R_jpg.rf.UsPGSPb0KyZgze1tfCMc.jpg	29D07881
train/images/AQUA2_08929_checkin_2020-10-29-9-90TML5E2G7K_jpg.rf.awWXRRoYLCXQM0CLA4bX.jpg	99A08929
train/images/AQUA2_09054_checkin_2020-10-25-8-53izAIVIxu4w_jpg.rf.peDleuOTICSdEUvI1O9m.jpg	90A09054
train/images/AQUA2_09566_checkin_2020-10-22-10-45NGiXXm1L2u_jpg.rf.I4wpoovHeDdDGQkHjk8j.jpg	29D09566
train/images/AQUA2_09566_checkin_2020-10-25-8-462Qk2ihk4Xw_jpg.rf.oPYAzVn44lPacAMN3gix.jpg	29D09566
train/images/AQUA2_12497_checkin_2020-10-25-8-53G_ahnwH1Kx_jpg.rf.dD5HXjvjsC7nEiUqHL2f.jpg	99A12497
train/images/AQUA2_13497_checkin_2020-11-2-12-50CzIy6nrn1n_jpg.rf.isK1MSyrwDjLB6e14IeF.jpg	89C13497
train/images/AQUA2_13497_checkin_2020-11-2-12-50JLLJx1nW9R_jpg.rf.DbzANP7cAVZcwe2yRqto.jpg	89C13497
train/images/AQUA2_13780_checkin_2020-10-28-16-13H0Rj0va7NE_jpg.rf.GcGuuIzZG1w7cXv9V3Yw.jpg	89A13780
train/images/AQUA2_14723_checkin_2020-10-25-8-55HAa0S2wZqQ_jpg.rf.vAz8vrnHNpUfQ3VwhC2s.jpg	89A14723
train/images/AQUA2_15637_checkin_2020-11-2-14-60nmBvLlHjZ_jpg.rf.QDtzLsqsqHLYrKjxwAix.jpg	89C15637
train/images/AQUA2_15961_checkin_2020-11-1-9-40kNGwmy7tkz_jpg.rf.KxGztdYjQzPEwa0Ef5hp.jpg	89A15961
train/images/AQUA2_15970_checkin_2020-10-26-10-22wioS4fck1P_jpg.rf.c8uGX1G5J4etS8b49OSi.jpg	30G15970
train/images/AQUA2_18036_checkin_2020-10-31-12-13Fnca5nBH2o_jpg.rf.zEkTDhNkzM8PEyM1obPa.jpg	30A18036
train/images/AQUA2_18976_checkin_2020-10-29-13-57uaOYxAfF1x_jpg.rf.8ukkYjnaEpHLAlW4Q9u6.jpg	30F18976
train/images/AQUA2_19663_checkin_2020-10-31-7-48mDa65yh3hU_jpg.rf.Qx5W0HhYjutksltcPhHc.jpg	30G19663
train/images/AQUA2_20449_checkin_2020-10-30-16-10k0lW5zaiRw_jpg.rf.HKUZxA4Rt1xtN0lmzxOS.jpg	30F20449
train/images/AQUA2_20449_checkin_2020-10-30-16-9aLXtrwuniF_jpg.rf.lveGUM7oYQ0GCfGQi1f4.jpg	30F20449
train/images/AQUA2_20449_checkoutex_2020-10-30-16-10uF9O9vXoMl_jpg.rf.RYtq5qOVTnl3bAZbn0iL.jpg	30F20449
train/images/AQUA2_20477_checkin_2020-10-29-9-276prk7Qk1FY_jpg.rf.vks3rQlyKrkjsZKl5zLR.jpg	34A20477
train/images/AQUA2_21413_checkin_2020-10-25-8-54e_lzk2DbBb_jpg.rf.XlnOWYCNJS7EYWEZiyX0.jpg	89A21413
train/images/AQUA2_21740_checkin_2020-11-1-15-56DxHKwQn80a_jpg.rf.bhvLGhMytpI6n1oMjBrp.jpg	89A21740
train/images/AQUA2_23136_checkin_2020-10-31-13-25UWVHm9qlQk_jpg.rf.LvXf9K1kDKXBmCQVNUaI.jpg	29A23136
train/images/AQUA2_23451_checkin_2020-10-29-16-141RBWkUPXZz_jpg.rf.mvPJdkpIGYyUXuX30cnM.jpg	30A23451
train/images/AQUA2_25808_checkin_2020-11-1-13-86vj6kI0aXD_jpg.rf.QBTnXREXGTVXlxFPFZOh.jpg	29A25808
train/images/AQUA2_25885_checkin_2020-10-27-8-13UyoZCiZ88E_jpg.rf.hCHVjMSlfi6k8Ur0lqa3.jpg	29A25885
train/images/AQUA2_26144_checkin_2020-10-31-8-5u1pv5k3X7a_jpg.rf.5YNuP7BHOHkiybbXdrrm.jpg	30A26144
train/images/AQUA2_26583_checkin_2020-11-1-17-4r5rEg9RMuu_jpg.rf.ntqza56NmrXiIRarpJdS.jpg	30A26583
train/images/AQUA2_28131_checkin_2020-10-29-10-29hsHOlwhAON_jpg.rf.WIlv6EWDn52ZTae0IK5a.jpg	30E28131
train/images/AQUA2_29750_checkin_2020-10-25-8-49EWDBSzEldx_jpg.rf.Yr2WRVUTeLqY6F9QJwkn.jpg	30G29750
train/images/AQUA2_29814_checkin_2020-10-23-10-15rS2eBVRgJC_jpg.rf.EemgEeAf9ZW1Wn1ujQV3.jpg	98A29814
train/images/AQUA2_29D09566_checkin_2020-11-2-7-23xoVmRhiEQs_jpg.rf.LkCrIEVAqwimepmqbXyU.jpg	29D09566
train/images/AQUA2_30E32686_checkin_2020-10-31-8-2pConCtLIjI_jpg.rf.Iy0P01fQycBowiAixxC7.jpg	30E32586
train/images/AQUA2_32245_checkin_2020-10-29-8-54Oa9hI8MHBr_jpg.rf.Sou8De1TszWFeU0zhNyl.jpg	30F32245
train/images/AQUA2_32643_checkin_2020-10-27-10-506oldDb2dPw_jpg.rf.ngZ3pNexVQb3On5ncnQq.jpg	30F32643
train/images/AQUA2_32659_checkin_2020-10-31-10-11PDB2MoqyCe_jpg.rf.Ryt3aGpiz9Fy5Lp3a9yX.jpg	30F32659
train/images/AQUA2_32659_checkin_2020-10-31-10-12GBl8McNMto_jpg.rf.L3by1CvNls1YKLUv8nJk.jpg	30F32659
train/images/AQUA2_32665_checkin_2020-10-26-10-5J1mk7OxRh3_jpg.rf.bMDqafHYIej9UyVJF5a9.jpg	30F32665
train/images/AQUA2_32726_checkin_2020-10-25-8-47kkdn1a6eHe_jpg.rf.3m5a90lZ0vu5iM70pd2O.jpg	19A32726
train/images/AQUA2_32726_checkin_2020-10-26-10-30ZFjEJky5jP_jpg.rf.4nzTTxwvXgt8WzOUoHyw.jpg	19A32726
train/images/AQUA2_32802_checkin_2020-10-27-13-49Cg1BbnuBBk_jpg.rf.DdRw97tby1zQjT5DWDnt.jpg	98A32802
train/images/AQUA2_33254_checkin_2020-11-2-14-18xxjV6laalP_jpg.rf.U4mPFi7XkkMwr1nYBTPJ.jpg	99A33254
train/images/AQUA2_33744_checkin_2020-10-26-14-8Yj73zqMEF7_jpg.rf.x9TeqYnZh7kdPww2dXSF.jpg	88A33744
train/images/AQUA2_37619_checkin_2020-11-2-9-24POT7I2lv36_jpg.rf.91tOwkK6XAEYtgboBLrw.jpg	30A37519
train/images/AQUA2_41171_checkin_2020-10-31-9-4y3gB6pHxEl_jpg.rf.DsEP5upfxYah9yeChoIa.jpg	30G41171
train/images/AQUA2_43755_checkin_2020-11-2-17-27IalkbuJUZk_jpg.rf.c2pR7Q66es8W8op1PXnr.jpg	30G43755
train/images/AQUA2_43755_checkin_2020-11-2-17-28VatYgIGFdm_jpg.rf.z7gA0Ziw35J1A2gw1iJe.jpg	30G43755
train/images/AQUA2_44101_checkin_2020-10-27-11-8VEQvs8aep__jpg.rf.6ntb0KkY4xnM5wxuiHlA.jpg	30F44101
train/images/AQUA2_45676_checkin_2020-11-1-13-17YzNqOAukp_jpg.rf.jmgZEHZJxMPxmnDGyMKH.jpg	30E45676
train/images/AQUA2_45865_checkin_2020-10-25-8-54YhfLsjWUrl_jpg.rf.1Qzu4gQYrjOQ44l8WKeC.jpg	30F45865
train/images/AQUA2_46511_checkin_2020-10-19-9-40pL7M5j7qr1_jpg.rf.0X29ZjZttWwqQQsjXS45.jpg	29A46511
train/images/AQUA2_46511_checkin_2020-10-19-9-47w2n9j4MXCu_jpg.rf.dkEfrmpN6W7E1W9R8yX6.jpg	29A46511
train/images/AQUA2_46511_checkin_2020-10-19-9-5316TJMlxS_w_jpg.rf.7OsppXKTxRVuZlB0XOr1.jpg	29A46511
train/images/AQUA2_4703_checkin_2020-11-2-10-60zshWBfANS_jpg.rf.7TLBLaZUih4mTmdEkjgn.jpg	30M4703
train/images/AQUA2_5204_checkin_2020-10-23-9-40RJUZvyaTEj_jpg.rf.UBARdGs5mV78MFyFDvsB.jpg	30F5204
train/images/AQUA2_5204_checkin_2020-10-23-9-44lJKC6VytmA_jpg.rf.uHGJWwOjALhZrGtPaaIl.jpg	30F5204
train/images/AQUA2_5204_checkin_2020-10-23-9-45JDdtkE1oWz_jpg.rf.feCj8mCeXTZU3pyginrt.jpg	30F5204
train/images/AQUA2_5204_checkin_2020-10-23-9-46biT_3FLPTa_jpg.rf.MAQgg5pBfdhWhh2h5ygu.jpg	30F5204
train/images/AQUA2_5204_checkin_2020-10-23-9-481sttoguEih_jpg.rf.nMvcabyJvX4c6oT5QZcA.jpg	30F5204
train/images/AQUA2_5204_checkin_2020-10-23-9-535vmzlbdXHc_jpg.rf.qaxKqJNp927FEsw4GqeJ.jpg	30F5204
train/images/AQUA2_5204_checkout_2020-10-23-9-461hL90sRDAi_jpg.rf.mxFO7tmH1VIsgQkvlF1D.jpg	30F5204
train/images/AQUA2_5204_checkout_2020-10-23-9-54t1AVKaVmuZ_jpg.rf.3zbBU4jZgHZ3TH9dbbF5.jpg	30F5204
train/images/AQUA2_52186_checkin_2020-10-25-8-513BUCwYO7uk_jpg.rf.qMzaI5s7BBAuN4rUuzmW.jpg	30A52186
train/images/AQUA2_52374_checkin_2020-10-27-8-59xySt7LwG0f_jpg.rf.TwRGp7wszPYNAF9KGcvf.jpg	30E52374
train/images/AQUA2_52911_checkin_2020-10-25-8-52w2paLJIm01_jpg.rf.UgleXSHF6Nf2H5Y7eony.jpg	51G52911
train/images/AQUA2_52911_checkin_2020-11-2-15-373ysYKQN3or_jpg.rf.SLwDm7jF6l19xmynMeqo.jpg	51G52911
train/images/AQUA2_5411_checkin_2020-10-28-10-63UcWPkfm6v_jpg.rf.Ka9Clej4ibSX7liIkC67.jpg	29U5411
train/images/AQUA2_54827_checkin_2020-10-31-11-36MomsrrHfJ2_jpg.rf.d2ubMsnHcZmqvxf1pAc1.jpg	30A54827
train/images/AQUA2_56048_checkin_2020-11-1-9-36k31kh6FTMh_jpg.rf.I3CBJ1wbmVcl5lcpVdk9.jpg	29A56048
train/images/AQUA2_56801_checkin_2020-11-1-9-58l1HDMQie_q_jpg.rf.LIpdrdiDasJqganReC6Y.jpg	30G56801
train/images/AQUA2_58226_checkin_2020-10-29-16-995IamtFWvF_jpg.rf.1KY4dAfU6Dxvgft9bjwA.jpg	30E58226
train/images/AQUA2_58373_checkin_2020-10-29-9-48eT1I4OVstC_jpg.rf.jgKKdFl5Xi3AUjPm94jv.jpg	30A58373
train/images/AQUA2_59464_checkin_2020-11-1-10-43zPJqQFpGHB_jpg.rf.Uw1Ia6s0Fza9bFdsp4Xl.jpg	30A59464
train/images/AQUA2_60431_checkoutex_2020-10-26-18-138YqSqzCoss_jpg.rf.gzVr37gUvGf7Dhfxqw4A.jpg	30A90546
train/images/AQUA2_60432_checkin_2020-10-31-15-17nTBPt1gx5T_jpg.rf.Yby3kfGxDAcdeAb07Jsh.jpg	29A60432
train/images/AQUA2_61086_checkin_2020-10-28-11-40ctxywPcjoU_jpg.rf.qgS2MMDoe4OIhN9J0KtF.jpg	30G61086
train/images/AQUA2_61153_checkin_2020-11-1-8-33cFensNOshu_jpg.rf.2uBGB48VxbvZ4Q54SzsB.jpg	30A61153
train/images/AQUA2_61153_checkin_2020-11-1-8-33fv6MTLn0w0_jpg.rf.bCFH1AX8G1ap136U3XbK.jpg	30A61153
train/images/AQUA2_61239_checkin_2020-10-31-12-14jEuvttYNWK_jpg.rf.TASAvloRWfSnSs0ACdtG.jpg	30G61239
train/images/AQUA2_62107_checkin_2020-10-29-9-30L2ccQPcf_V_jpg.rf.gmv840D3rcR5MzutpbWg.jpg	30G62107
train/images/AQUA2_65227_checkin_2020-11-1-14-26uFngokja4G_jpg.rf.F5YTzuw7s8YWZ31G5T9C.jpg	29C65227
train/images/AQUA2_66122_checkin_2020-10-22-10-46rB6VbquCNG_jpg.rf.vLHzavAji2Ap4e5iC4DQ.jpg	30E66122
train/images/AQUA2_68005_checkin_2020-10-27-9-2dGOG2MU71J_jpg.rf.FNMIxA4irM5nqdF37rMF.jpg	29A68005
train/images/AQUA2_69436_checkin_2020-10-25-8-537iYzxpaWAE_jpg.rf.TDt3E1O7glPSJHp64Kyx.jpg	30E69436
train/images/AQUA2_77998_checkin_2020-10-28-8-29mNO_N2GaTr_jpg.rf.kA69eBiWW0nmoO5laxx3.jpg	29A77998
train/images/AQUA2_79330_checkin_2020-10-31-14-217vJBYg0EAZ_jpg.rf.77CYK1U0fHFu2rpy4RyE.jpg	30A79330
train/images/AQUA2_81060_checkin_2020-11-1-11-35FaXUys4zh9_jpg.rf.a3hlPo9NEaP8qklBRBw4.jpg	30F81060
train/images/AQUA2_85806_checkin_2020-10-29-13-16lYbcfLONB1_jpg.rf.cjO28szVtLxfTT3cInb2.jpg	30F85806
train/images/AQUA2_86044_checkin_2020-10-28-16-51OVjs42oqUz_jpg.rf.zwkydZDKjoL00J78pI3A.jpg	30E86044
train/images/AQUA2_8657_checkin_2020-11-1-12-24WfGNnu5EKj_jpg.rf.Pf4n0qMWqnpm7BFFfDvF.jpg	30Z8657
train/images/AQUA2_8657_checkin_2020-11-1-12-24ve9yI4wq2J_jpg.rf.IS5uhFsI1zfl3LVKybfU.jpg	30Z8657
train/images/AQUA2_89A09096_checkin_2020-11-2-9-39mU4svUyL5c_jpg.rf.ggtb28qBi5zfHPoIipuA.jpg	89A09096
train/images/AQUA2_92645_checkin_2020-10-24-9-4wuaOCV2CFL_jpg.rf.xJDPjEmGUPyviGvZ5X9H.jpg	30A92645
train/images/AQUA2_93591_checkin_2020-10-25-8-46pMROslbI8g_jpg.rf.VgA3EYzYcXtff9lap5RY.jpg	30F93591
train/images/AQUA2_93644_checkin_2020-10-25-8-51FxLc8_eJgX_jpg.rf.eitCsWMJ36O5Dbh77gMM.jpg	30F93644
train/images/AQUA2_93815_checkin_2020-10-31-9-2zNBJ9yx8XZ_jpg.rf.PxPLx4uXCcjXsy1a1L40.jpg	30E93815
train/images/AQUA2_97025_checkin_2020-10-26-7-35Qa6PUpYN1P_jpg.rf.Anje2bdWSJzNL9ndTXjw.jpg	30F97025
train/images/AQUA2_97701_checkin_2020-10-27-11-30SGrEwo1aPT_jpg.rf.AKNfv8zlXILlERzYVpyE.jpg	29A97701
train/images/AQUA2_97701_checkin_2020-10-28-10-31H0LcKWiAgk_jpg.rf.PFe8QxQ7VARZG0IKJv21.jpg	29A97701
train/images/AQUA2_98366_checkin_2020-10-28-9-1uj4vIRH6Kj_jpg.rf.jRto4heAmDW5TAh57GI0.jpg	29A98366
train/images/AQUA2_99127_checkin_2020-11-1-12-25WMTe5Xz8Z7_jpg.rf.yc99YDB6V2qfa79HTu3K.jpg	30E99127
train/images/AQUA2_Y0426_checkin_2020-10-26-15-52iHucXh8UV_jpg.rf.YKpJsB59WaT1gkThL4r9.jpg	30S0426
train/images/AQUA2__checkout_2020-10-26-8-14XOceGGTJrz_jpg.rf.U4xOCSSv8fmSIgWoOXRe.jpg	29A02343
train/images/AQUA4_01418_checkin_2020-10-23-8-21dzTuWFnvMT_jpg.rf.kKfunfsFNFaEfNUbwjCM.jpg	36A01418
train/images/AQUA4_01418_checkin_2020-10-23-8-34AWfpPOgyfw_jpg.rf.F7i4J3n9JuEggFnNl92s.jpg	36A01418
train/images/AQUA4_01418_checkoutex_2020-10-23-8-42EJ1VkjYWIr_jpg.rf.hBMidhgUvtXqDB32hbXw.jpg	36A01418
train/images/AQUA4_01771_checkin_2020-10-26-18-31xoumolnhXC_jpg.rf.1KNiA5J1YBocBWOduQZA.jpg	29A01771
train/images/AQUA4_02042_checkin_2020-10-22-8-7uNaClCzy0w_jpg.rf.jwXaxmP8xYy47RZxwvDR.jpg	29H02042
train/images/AQUA4_02042_checkin_2020-10-22-8-8wlC0iiPXVw_jpg.rf.ydy7zRuOTNa32zzxrZA8.jpg	29H02042
train/images/AQUA4_02343_checkin_2020-10-29-10-2FJinSQHIDo_jpg.rf.tCv1XLIXYxbO1uXGyej8.jpg	29A02343
train/images/AQUA4_02866_checkin_2020-11-2-14-47Yg1UbdErYZ_jpg.rf.5xK2w0GmgsKfANCF6Mh2.jpg	30G01866
train/images/AQUA4_02965_checkin_2020-10-31-14-52Ngkc7elxqG_jpg.rf.Q8FbZFno5NGcyhBn1ddF.jpg	30A02965
train/images/AQUA4_03038_checkin_2020-10-31-11-17Met0ZZ7rpX_jpg.rf.XSuCqRFfvxGZakmd0Kc6.jpg	20A03038
train/images/AQUA4_03336_checkin_2020-10-26-8-35bA7bzcTDJ3_jpg.rf.yk50H3fTDcDjUTvyBvBk.jpg	88A03336
train/images/AQUA4_03523_checkin_2020-10-25-15-12ulXbmqjH2w_jpg.rf.nqE2mMqlUCY52oEjotn8.jpg	30F03523
train/images/AQUA4_03523_checkin_2020-10-25-15-21orl_DOEzDm_jpg.rf.PotGOh2YapYhWB78HNrI.jpg	30F03523
train/images/AQUA4_03523_checkin_2020-10-25-15-24sBLha486qp_jpg.rf.yvRtQzicESOfO1THJvr4.jpg	30F03523
train/images/AQUA4_03523_checkin_2020-10-25-15-29vGvhUPuMa0_jpg.rf.vRpdyGUBB0jlorfAnJjo.jpg	30F03523
train/images/AQUA4_03523_checkin_2020-10-25-15-4GRsFbMrRIs_jpg.rf.6aE3Rd7ou3Rzpv9vYp8U.jpg	30F03523
train/images/AQUA4_04999_checkin_2020-10-25-15-510k68m6L0hM_jpg.rf.0EKMQ7E5BhjlTDLg81WC.jpg	29A04999
train/images/AQUA4_05080_checkin_2020-10-27-10-38emKqeKy71E_jpg.rf.tc5CPbGWl9X1VOlBbYZU.jpg	29A05080
train/images/AQUA4_070762_checkin_2020-10-26-9-20UTiCiOvtu9_jpg.rf.zlqpd22v7WUZyvPkG8xt.jpg	29H07062
train/images/AQUA4_07227_checkin_2020-10-30-10-59f37836kaz0_jpg.rf.oKR3awFKCCw8hP9LcC8L.jpg	30F07227
train/images/AQUA4_07394_checkin_2020-10-26-16-5UF3WXRretJ_jpg.rf.9kw6OyISjPxmBMWvsqw2.jpg	89A07394
train/images/AQUA4_07394_checkin_2020-10-26-8-30B5LKYu4iE5_jpg.rf.onVkkEQ2UTNLh28GE2eL.jpg	89A07394
train/images/AQUA4_07758_checkin_2020-10-24-7-156iItPFth45_jpg.rf.9teiX2EmlMuBkXd9TZms.jpg	89A07758
train/images/AQUA4_07758_checkin_2020-11-1-12-55N3MWmusol__jpg.rf.yMlA9LVDQ58vde9qTE6R.jpg	89A077598
train/images/AQUA4_08079_checkin_2020-10-27-12-27ESb6KN6Szi_jpg.rf.x5NPUdPnkxv3C7HAfvZL.jpg	88A08079
train/images/AQUA4_08531_checkin_2020-10-29-11-11OVPKU35mdT_jpg.rf.wI0StU1dsMT8Wx97aPxG.jpg	21A08531
train/images/AQUA4_09257_checkin_2020-10-25-14-30i1DNDLdoMZ_jpg.rf.5B5Cs9VTVpgql2MxMupr.jpg	30A92957
train/images/AQUA4_10317_checkin_2020-10-26-10-45niWUEbEaIt_jpg.rf.Q4cjR0PYO2qWLBw9aA6f.jpg	30F10317
train/images/AQUA4_10428_checkin_2020-10-31-16-54k2LxYCbcvY_jpg.rf.tDDJQ2ZarNS5T5AMZ8Lv.jpg	30G10428
train/images/AQUA4_10432_checkin_2020-10-27-15-21hSHkdWbbti_jpg.rf.iT5G68GPIm1CL3O4puMy.jpg	99A10432
train/images/AQUA4_10993_checkin_2020-10-26-9-59Q9SC1vK434_jpg.rf.HlhtOMU6fF1Me9aQ1FR1.jpg	89A10993
train/images/AQUA4_11111_checkin_2020-10-31-12-22UPzJSCQUDs_jpg.rf.kkB4sOv8AaHnONWLeOIo.jpg	30A11111
train/images/AQUA4_11155_checkin_2020-10-31-16-44vhZZgCVCee_jpg.rf.tKnCqSbcKEWhRuomLuZb.jpg	30G11155
train/images/AQUA4_13864_checkin_2020-10-25-15-16C5G081f3uV_jpg.rf.89quMabqOTDL8JUIMHdC.jpg	89A13864
train/images/AQUA4_15292_checkin_2020-11-1-15-43SRPUvqHBqy_jpg.rf.rE6xdNPo4kBXXBGBqPbw.jpg	30F15292
train/images/AQUA4_15530_checkin_2020-10-24-8-22RwDtfOGqtE_jpg.rf.SlJCBZo3ZYypugHadhEm.jpg	89A15530
train/images/AQUA4_15530_checkin_2020-10-24-8-22Xc5GuIylth_jpg.rf.naKPAu5RQrCQEHRIULVe.jpg	89A15530
train/images/AQUA4_15530_checkin_2020-10-25-14-53LCxcaM2LnX_jpg.rf.ydYCigGNQ9Qp25QXViub.jpg	89A15530
train/images/AQUA4_15530_checkin_2020-10-25-14-55rJEF9ePMB6_jpg.rf.xMrsfBqJoDajqp9WnfeS.jpg	89A15530
train/images/AQUA4_15695_checkin_2020-10-30-17-39YEFYrhzCKd_jpg.rf.QAzz3XS1ZT7VzGCuFe5R.jpg	30F15695
train/images/AQUA4_1636_checkin_2020-10-27-14-24kRrU5wwy5z_jpg.rf.kyFCIndxFj9zcHw4d7UG.jpg	38N1636
train/images/AQUA4_185177_checkin_2020-10-31-9-23Pdr1ab0Lml_jpg.rf.BjXmI1TNLJJDkywwcOIi.jpg	89A18577
train/images/AQUA4_1866_checkin_2020-10-27-17-41xcpMJxftU0_jpg.rf.tyRnFLfXUdmSAAuYEXnN.jpg	19N1866
train/images/AQUA4_1866_checkin_2020-10-28-18-162nxKGNxl2S_jpg.rf.dEPSoESqkr5xKP0xtt4z.jpg	19N1866
train/images/AQUA4_19535_checkin_2020-10-28-12-36EgckERbky0_jpg.rf.IJU2RnQhGFmGen7Gi3RY.jpg	24A15935
train/images/AQUA4_19599_checkin_2020-10-24-8-49JeWlNV39Wh_jpg.rf.E45aXCsKva9OoUfEHFEg.jpg	89C19599
train/images/AQUA4_19599_checkin_2020-10-24-8-51CWS0TxwCRt_jpg.rf.JrLlsA9nQN5YmwadzmIV.jpg	89C19599
train/images/AQUA4_20664_checkin_2020-10-29-15-33ncT9bTy65C_jpg.rf.iynrBxKiVJIFYKaWaRN8.jpg	89A20664
train/images/AQUA4_21510_checkin_2020-10-28-17-433PdtuFRKj4_jpg.rf.i2qBgW1fC2bsXHhEQL7b.jpg	30F21510
train/images/AQUA4_21510_checkin_2020-10-30-17-15CAkuzVboaU_jpg.rf.XSlAKxeOxJi4iWQnf7KP.jpg	30F21510
train/images/AQUA4_21596_checkin_2020-10-26-15-18rl5M3jVBdB_jpg.rf.LVI7LciNHVnF0lLuGNGE.jpg	29D21596
train/images/AQUA4_25649_checkin_2020-10-26-16-21FP4mN2pDW__jpg.rf.nMSpM3xAPnyOhwOSCwDB.jpg	36A25649
train/images/AQUA4_25649_checkin_2020-11-1-15-2p2bDZJsOXd_jpg.rf.O8Raiou0wlMzqxKr6PHc.jpg	36A25649
train/images/AQUA4_26144_checkin_2020-10-23-17-31b0GmDfCsj_jpg.rf.QQaMtWZ7jViAqlymmC4u.jpg	30A26144
train/images/AQUA4_26449_checkin_2020-11-1-10-19uZmFUOdSFa_jpg.rf.WlRtiz6qVII1EPpcsrIu.jpg	30F26449
train/images/AQUA4_26A01418_checkin_2020-10-22-9-5TQGUsndlp8_jpg.rf.g6FVPgTyRY9pqqVTaLgR.jpg	26A01418
train/images/AQUA4_32598_checkin_2020-10-26-7-33Ll6zJ8UTMO_jpg.rf.gmZERcRLnzoEFlB5AHNJ.jpg	30F32598
train/images/AQUA4_32802_checkin_2020-10-22-8-13n2YN0NFPct_jpg.rf.BtACE0tvNdK4p7NenC9T.jpg	98A32802
train/images/AQUA4_32802_checkin_2020-10-22-8-14n6axlmCzxv_jpg.rf.VVon6C1zqoXtJiNniLlw.jpg	98A32802
train/images/AQUA4_34588_checkin_2020-10-25-14-50R4R3QfK3W8_jpg.rf.n6Z5pwAx6KU4gGl4Pros.jpg	30A34588
train/images/AQUA4_34588_checkin_2020-10-25-15-57_T7Z9yQEni_jpg.rf.qTaVMOdZIZdkWrqkM2ht.jpg	30A34588
train/images/AQUA4_35392_checkin_2020-11-1-13-0439N1SY4VT_jpg.rf.h88gDDj9UNyGOLkyODbr.jpg	30G35392
train/images/AQUA4_36257_checkin_2020-10-29-18-98rdxnnEnIU_jpg.rf.oJjabgO5bIDETosSDXgn.jpg	29A36257
train/images/AQUA4_39814_checkin_2020-11-1-14-7rwat0Zh5Gb_jpg.rf.DzUWLcMI4q7Y31uwvb8A.jpg	30E39814
train/images/AQUA4_42050_checkin_2020-10-28-9-37tL6xHo5DZu_jpg.rf.bUSXyJ0sydkoF7kSN2Jj.jpg	29A42050
train/images/AQUA4_42050_checkin_2020-10-29-14-8BggWgWGjMm_jpg.rf.gWLUhWfx9fw606ouBGDL.jpg	29A42050
train/images/AQUA4_42050_checkin_2020-10-29-7-51896EW1GGEv_jpg.rf.QguAWSsiOd1Xxn4x503K.jpg	29A42050
train/images/AQUA4_42050_checkin_2020-10-29-7-525zR8UiKb0j_jpg.rf.O4sYpCSPz3RcPYYwzYwg.jpg	29A42050
train/images/AQUA4_43912_checkin_2020-10-28-14-29ucnUzK9AcS_jpg.rf.9M8RI5q9AU6B0sbpuAg1.jpg	30G43912
train/images/AQUA4_46189_checkin_2020-10-26-17-13vAzvOY2T9y_jpg.rf.KoMafqKzbeLqeXRpxOVf.jpg	30F46189
train/images/AQUA4_46189_checkin_2020-10-27-17-14NfaaooJvgN_jpg.rf.lIysZ9si4hsVF9w60gdv.jpg	30F46189
train/images/AQUA4_46189_checkin_2020-10-28-17-40mUq_rbzcEB_jpg.rf.np6DN85jxsZl0qHbu73b.jpg	30F46189
train/images/AQUA4_46748_checkin_2020-10-31-8-37nBtP_h4XNk_jpg.rf.p1NPJCMr4co1LeWmwaoA.jpg	30A46748
train/images/AQUA4_48917_checkin_2020-10-26-17-3809eHbgHDmv_jpg.rf.IvoosLbSjP6EDwGBTLaq.jpg	30G48917
train/images/AQUA4_48917_checkin_2020-10-26-17-38r3lWin91ka_jpg.rf.c6ZbmQJi7mhB486Ly8ab.jpg	30G48917
train/images/AQUA4_49536_checkin_2020-10-27-8-2d8PfskBA_m_jpg.rf.yJeACX0lKnTM3VYLKMQF.jpg	30E49536
train/images/AQUA4_51511_checkin_2020-10-28-9-30LPDv1cttRf_jpg.rf.BVZE9wdZpfJfTQQm59BY.jpg	30G51511
train/images/AQUA4_56695_checkin_2020-11-1-13-57nEVXm5NbaP_jpg.rf.pp4lqGKggJQ2UG4NlAzc.jpg	30G56695
train/images/AQUA4_56695_checkin_2020-11-1-14-3AtzBMVWLxU_jpg.rf.sp8iu3Xl4QY9MchbeTEY.jpg	30G56695
train/images/AQUA4_5724_checkin_2020-11-2-15-41QZKCPVaORZ_jpg.rf.NeOGkiijoOabK93zy9Wy.jpg	31F5724
train/images/AQUA4_60123_checkin_2020-10-29-11-26f6629Si2RI_jpg.rf.dcZqzCrlGxsVpYoxduE5.jpg	30E60123
train/images/AQUA4_65939_checkin_2020-10-26-8-5BF5cy4t146_jpg.rf.eJdrTViC8lTiB0gC86a6.jpg	30F65939
train/images/AQUA4_6767_checkin_2020-10-31-17-23M_8qb1K8Ow_jpg.rf.Re4YanytikTeKUAkONU9.jpg	29V6767
train/images/AQUA4_67941_checkin_2020-10-31-10-19vpIQ89F6ri_jpg.rf.70BXClr2KlVIEv2zw3WV.jpg	30F67941
train/images/AQUA4_69919_checkin_2020-10-22-13-297k4G8QsxTv_jpg.rf.cP4bexFeFtVib6xvVfze.jpg	30A69919
train/images/AQUA4_69919_checkin_2020-10-22-16-12UZK6rRePEp_jpg.rf.lUPpxwYbWqPxvRo9N4nb.jpg	30A69919
train/images/AQUA4_70192_checkin_2020-10-25-16-6xgDdYy5t60_jpg.rf.X4CGSseb6KvPWHtZCvDL.jpg	30F70192
train/images/AQUA4_70192_checkin_2020-10-31-16-10GYHXSX2wuM_jpg.rf.R9FTedDwbvc93QIU4XxX.jpg	30F70192
train/images/AQUA4_71103_checkin_2020-10-31-13-56naC25OZ1Ow_jpg.rf.RbD4Y9oSIdbuvhT1ghrm.jpg	30A71103
train/images/AQUA4_71193_checkin_2020-11-1-16-46SaQDa_pYYv_jpg.rf.5KCQzfxrZWtdFQhH7vjU.jpg	30A71103
train/images/AQUA4_71578_checkin_2020-10-22-7-47wRGYt_7QP0_jpg.rf.aGkNuzybboqrTBuIyzed.jpg	30D71578
train/images/AQUA4_71578_checkin_2020-10-22-7-49m5cRhq5vBO_jpg.rf.KDABHAq5nZEpcH586xKl.jpg	30F71578
train/images/AQUA4_71578_checkin_2020-10-22-7-544Vi6Pf0JBJ_jpg.rf.6maKbJtNoTy8j6ymqj55.jpg	30F71579
train/images/AQUA4_71578_checkin_2020-10-22-7-56itX_TPVjAV_jpg.rf.SOlUrqJk1h0WNkDB2MG7.jpg	30F71578
train/images/AQUA4_71578_checkin_2020-10-22-7-59q8IaONFa9F_jpg.rf.RtvgoyjLdiCafKY7ZGYl.jpg	30F71578
train/images/AQUA4_74338_checkin_2020-11-1-9-30nr6jL8uC5z_jpg.rf.ijPswUKvMpvkVXuq9dMw.jpg	30F74338
train/images/AQUA4_7584_checkin_2020-10-26-8-38zKRMpny6jG_jpg.rf.VBCbxkgP6pfk19CBjj2e.jpg	52F7584
train/images/AQUA4_76121_checkin_2020-11-1-9-1761rVrd8KMv_jpg.rf.zHfX3z0XJnXPTidMo5Us.jpg	30A76121
train/images/AQUA4_77397_checkin_2020-10-23-8-46fibjWWxkXU_jpg.rf.CV3KSvSYUbbUh8OBfVF4.jpg	29A77397
train/images/AQUA4_88459_checkin_2020-10-29-10-33Z72DjnFCRi_jpg.rf.N3MoadGVTncBdCNsjQKD.jpg	30A88459
train/images/AQUA4_90F77294_checkin_2020-10-26-11-12YApuXMZvoW_jpg.rf.KQcIaThrkL1ic7i5ehaY.jpg	90F77294
train/images/AQUA4_91149_checkin_2020-10-31-12-47RAXknFEHSI_jpg.rf.iaQFAP7KqKlncrLTHOVa.jpg	30F91149
train/images/AQUA4_91866_checkin_2020-11-2-14-489hrWRUbYHM_jpg.rf.Vi1BSlmEIvP3ZkaQHHq6.jpg	30G01866
train/images/AQUA4_92450_checkin_2020-10-27-14-36GxPqWq9PQ9_jpg.rf.2AsaWjxvSQ5mxLNL2VX4.jpg	30A92450
train/images/AQUA5_00590_checkin_2020-10-27-17-33niQveHFuGE_jpg.rf.Jq4lShistCd1R5S5ESOL.jpg	89D00590
train/images/AQUA5_03560_checkin_2020-11-1-16-6LE4YTat7Aw_jpg.rf.aP87kAdQpBROK6wkqKeX.jpg	29H103560
train/images/AQUA5_04104_checkin_2020-10-26-8-3n4i8wrw8fo_jpg.rf.86fLKyMRVGET397JoS5W.jpg	36A04104
train/images/AQUA5_06737_checkin_2020-10-30-9-14LqNaJg4rvN_jpg.rf.wdBGd8kQsk1a5EqyYM48.jpg	29H06737
train/images/AQUA5_07555_checkin_2020-10-25-21-16hzYHsFDrQh_jpg.rf.OcYiMWqgVH0HNXtPFWGa.jpg	30F07555
train/images/AQUA5_07716_checkin_2020-10-26-10-23_Cz0vpxxsa_jpg.rf.JdWHXyNMoEPLcZjD0Aab.jpg	29H007716
train/images/AQUA5_08564_checkin_2020-11-1-11-458jqC7Ilszg_jpg.rf.WjbwCUogFnoTUckv1iuu.jpg	19A108564
train/images/AQUA5_0865_checkin_2020-10-29-13-57o9pUh5imZO_jpg.rf.ANGVdg0EzGs0wxXm8MTq.jpg	30Z0865
train/images/AQUA5_08722_checkin_2020-11-2-11-26sD4MuyWvqX_jpg.rf.CJpE6FoUomcW6gjRrQep.jpg	29D108722
train/images/AQUA5_09566_checkin_2020-10-22-8-18mr16q4sxtm_jpg.rf.749Ynk7fNYDfinWvBlXr.jpg	29D09566
train/images/AQUA5_09566_checkin_2020-10-22-8-20Cqn61iTgrg_jpg.rf.SaaF42KMPLUCPGDlbz6g.jpg	29D09566
train/images/AQUA5_09566_checkin_2020-10-22-9-5e_Jfk32ZCn_jpg.rf.lgE0QiZA43VOuqskZhVJ.jpg	29D09566
train/images/AQUA5_09566_checkout_2020-10-22-8-349mgsOsF2mq_jpg.rf.Sbp6Do4b7VU7yGMWUOaA.jpg	29D09566
train/images/AQUA5_09730_checkin_2020-10-26-20-41PKb3lrOwTS_jpg.rf.EA0KDSOcGwr0KEQFJ4LV.jpg	89A09730
train/images/AQUA5_11039_checkin_2020-10-31-11-31bvY9wuZodR_jpg.rf.K68BRwc6nbVDMLlYJpvt.jpg	89A11039
train/images/AQUA5_15939_checkin_2020-10-27-11-9VuJYURZvSX_jpg.rf.EHNzNIwDfsyGNti792BD.jpg	89A15939
train/images/AQUA5_15973_checkin_2020-11-2-17-23WPdeV2mqvr_jpg.rf.f0A71V9sDJXozdd9grX5.jpg	89A15973
train/images/AQUA5_1910_checkin_2020-10-23-17-1579Wx2EKmNG_jpg.rf.cRQSuUHFNFVX3y8UuBxX.jpg	29T1910
train/images/AQUA5_1910_checkin_2020-10-24-7-17fmj6lM80zt_jpg.rf.e6IHuvhNXJVPdbmhmdA7.jpg	29T1910
train/images/AQUA5_1910_checkout_2020-10-23-17-19AfNpaZLJ0K_jpg.rf.zFZrR84NmVZS0Umh4mBH.jpg	29T1910
train/images/AQUA5_1910_checkout_2020-10-23-17-20PH5NPt6tFx_jpg.rf.ZGgg33CaBsMllQfBYctG.jpg	29T1910
train/images/AQUA5_1910_checkout_2020-10-24-7-18Bi3AxskL5p_jpg.rf.54Llx0T6j9HOJ8Y8oaJK.jpg	29T1910
train/images/AQUA5_1910_checkout_2020-10-24-7-21NKryqXb9G3_jpg.rf.unYmCxOQjmKJqvXN0kJg.jpg	29T1910
train/images/AQUA5_27580_checkin_2020-10-22-8-9MNif9D5uPU_jpg.rf.mOwjM45ZC47BP0vTqyTJ.jpg	80F27580
train/images/AQUA5_29C 65227_checkout_2020-10-26-22-0KR6AOiBqqq_jpg.rf.Ywnuy6hNzO2Dbn7UV64Z.jpg	29C65227
train/images/AQUA5_29H06845_checkin_2020-10-19-14-7bu5yEddHF3_jpg.rf.U1h4lttt27bNb8cQkhU0.jpg	29H06845
train/images/AQUA5_31544_checkin_2020-10-28-9-14n4Jc7Gj2H1_jpg.rf.7XTSiOmycoMfYpWJUrQa.jpg	30A31544
train/images/AQUA5_31658_checkin_2020-10-28-13-5CTYB5n9_3p_jpg.rf.BcusYkxTl69ptGb0bdGY.jpg	29H31658
train/images/AQUA5_34441_checkin_2020-10-26-20-53apLs7KQAX1_jpg.rf.RdIIGn7dw1ApIVStcYyh.jpg	33T34441
train/images/AQUA5_35939_checkin_2020-11-1-23-26Z_clRGAOlb_jpg.rf.WdMaHhFNFmwE9zj0A902.jpg	80F35939
train/images/AQUA5_36A04104_checkin_2020-10-26-7-34F4CZFP1I_q_jpg.rf.SkXEbELSLwDkufMF15Qk.jpg	36A04104
train/images/AQUA5_36A04104_checkin_2020-10-26-7-36IUGGGAc99__jpg.rf.hCXX6chI180bKsjPC6sb.jpg	36A04104
train/images/AQUA5_37260_checkin_2020-10-28-9-55yNCeMFYnS__jpg.rf.gdTwksK1QEHqvCTWBiJP.jpg	12PH37260
train/images/AQUA5_37A39988_checkin_2020-10-26-19-34iCekDIEjdF_jpg.rf.XHPmZzexm4qqfhIRQehI.jpg	37A39988
train/images/AQUA5_38721_checkin_2020-11-1-17-14wnaPJzN78J_jpg.rf.jgx4Krbiy6fed5TzP8eW.jpg	80E38721
train/images/AQUA5_39509_checkin_2020-10-29-11-14NB1YlqefBk_jpg.rf.cMZN3mP08gbz04geZbfe.jpg	30G39509
train/images/AQUA5_41231_checkin_2020-10-27-16-1OZ4FweNLsA_jpg.rf.4s4h8NBTQrcrAdA14Jnp.jpg	30E41231
train/images/AQUA5_41231_checkin_2020-10-27-16-2TvSJcRKrwZ_jpg.rf.kZJHgv81A5a2YkcXkMec.jpg	30E41231
train/images/AQUA5_4243_checkin_2020-11-1-10-25jvMkQhvXAf_jpg.rf.R7QMKs3iLHGxnJTXw3rM.jpg	30X4243
train/images/AQUA5_4253_checkin_2020-10-19-10-18YRwbwI65ov_jpg.rf.MpyUZ33g0GAXkdJBuPQJ.jpg	30M4253
train/images/AQUA5_54515_checkin_2020-11-1-8-44NI9qx9m01e_jpg.rf.4Z3ojZyQD9L2WPt1IOjg.jpg	30E54515
train/images/AQUA5_57331_checkin_2020-10-26-10-13n2Cy41Fd85_jpg.rf.uCOcyRMEuiV0xOWUVPpE.jpg	30F57331
train/images/AQUA5_58236_checkin_2020-10-26-9-19V0UcXa3ozL_jpg.rf.qpJfkaR7kfAV0XTa3fpL.jpg	30G58236
train/images/AQUA5_61462_checkin_2020-10-25-11-42t2X9g9JxVp_jpg.rf.YqrBiqgCIY4cOLJq5Jiu.jpg	30G61462
train/images/AQUA5_63699_checkin_2020-10-31-13-448kcZb7dxtP_jpg.rf.bPPXgEY3FDqIqfgCQevL.jpg	30E63699
train/images/AQUA5_63785_checkin_2020-10-29-12-20Hyanlsrbul_jpg.rf.TFZstJU5XMioXPVkWDGy.jpg	30E85637
train/images/AQUA5_65227_checkin_2020-10-26-19-32iGbry1XAks_jpg.rf.wnw9JImxbNveYZ6MGdLS.jpg	29C65227
train/images/AQUA5_66073_checkin_2020-10-28-10-52nlG92HlftK_jpg.rf.pwDRbXatXu3Be37mO9tN.jpg	29C66073
train/images/AQUA5_66122_checkin_2020-10-27-9-16yNuZjUww1B_jpg.rf.ArjJDYCHh6Tx6XXyODCK.jpg	80E66122
train/images/AQUA5_66625_checkin_2020-10-30-10-8FTZiFXWf5h_jpg.rf.WuR0sJ7VYGrRoDws7fIm.jpg	29C66625
train/images/AQUA5_67403_checkin_2020-10-30-19-39zjJP7gwFWS_jpg.rf.JCZEEA5G3KcrawSdhaRA.jpg	30F67403
train/images/AQUA5_73587_checkin_2020-10-29-20-5YLqGCUjzb7_jpg.rf.xbkcwMknCrymna3kE3dy.jpg	29C73587
train/images/AQUA5_76809_checkin_2020-10-31-19-50z7Xo_P4hky_jpg.rf.VeY8ymSQQ89O4Pb6LBiL.jpg	30F76809
train/images/AQUA5_85886_checkin_2020-10-31-11-16aQT540bLqS_jpg.rf.nCAo2BXkNdGCv4qXth93.jpg	30E85886
train/images/AQUA5_85886_checkin_2020-10-31-11-19n9QbqA8kU6_jpg.rf.x4VfsBEEBOxY7hUOjU03.jpg	30E85886
train/images/AQUA5_87180_checkin_2020-10-30-15-58N3sfjeGTfp_jpg.rf.lu4dkm4HtJYALbVcygLS.jpg	29A87180
train/images/AQUA5_90540_checkin_2020-10-29-13-23QUKfWKC8UH_jpg.rf.M7l8l8fbsCS7DoKnrMve.jpg	30F90540
train/images/AQUA7_03474_checkin_2020-10-26-18-31yglIizv9Pz_jpg.rf.eoP1mDgXtMHEqFi1Roav.jpg	30G03474
train/images/AQUA7_03947_checkin_2020-10-25-14-51ho4opC1RSl_jpg.rf.Exj0JPLx4l6ulU1ugT5l.jpg	80G03947
train/images/AQUA7_05197_checkin_2020-11-2-14-59Ut4BCTfwOj_jpg.rf.iLnUooijxVoin4KEUZ4i.jpg	80A05197
train/images/AQUA7_05207_checkin_2020-11-1-8-34LwQmlfcFqz_jpg.rf.lsB4NtdCGR77IB6Q1fDJ.jpg	30E05207
train/images/AQUA7_07379_checkin_2020-10-24-9-55zAjokZVI3Z_jpg.rf.ohjwre3jmK8SLtTQuGA6.jpg	89A07379
train/images/AQUA7_1040_checkin_2020-11-1-12-25ounWCIpsam_jpg.rf.Q6LRKhyuUDddxk5lZ3P2.jpg	30T1040
train/images/AQUA7_12327_checkin_2020-10-30-8-42nGbznL7VE0_jpg.rf.Gz5iicE0PwhBXSgGoJrk.jpg	89A12327
train/images/AQUA7_12891_checkin_2020-10-30-15-49dCkZCu146w_jpg.rf.zPokzT8VTRi7i8LPu6KQ.jpg	29H12891
train/images/AQUA7_15606_checkin_2020-10-24-14-3qLrUfWkKih_jpg.rf.o3gXreyiGlFVDqReWRbI.jpg	29H15606
train/images/AQUA7_15606_checkin_2020-10-29-13-16D8NvpVDY6Z_jpg.rf.N5QO8fVYoXTHb3bA4e3e.jpg	29H15606
train/images/AQUA7_25697_checkin_2020-11-2-13-29709CDtWwUA_jpg.rf.eGqSu8P5ZRMF28SQ8ifH.jpg	30F25697
train/images/AQUA7_29A 44039_checkoutex_2020-10-24-11-6xMf5zLUJBD_jpg.rf.jPO60ffPdFnnIRJLwG4s.jpg	29A44039
train/images/AQUA7_29A37229_checkin_2020-10-26-12-36suW8TinUZF_jpg.rf.y49W0zE6vLdn5nnIm4rl.jpg	29A37229
train/images/AQUA7_30A 60434_checkout_2020-10-25-19-57NYeamj34wz_jpg.rf.X5akLZ5O67q3ki3uTS2l.jpg	30A60434
train/images/AQUA7_30A79209_checkin_2020-10-26-13-18eCBFj3goyM_jpg.rf.a1i6kjwf6nSMnvlzlRIm.jpg	30A79209
train/images/AQUA7_30F 88013_checkoutex_2020-10-22-8-38Pg12Tutog1_jpg.rf.gQpmirNf5qr164M0LnlZ.jpg	30F88013
train/images/AQUA7_30F88013_checkin_2020-10-22-8-37us9ZtpHbrG_jpg.rf.CoGqS4L38PeQV07fLiht.jpg	30F88013
train/images/AQUA7_30G27838_checkin_2020-10-26-16-155ZHtVdEwjY_jpg.rf.0lStMtR5bnj2iDgMUr99.jpg	30G27838
train/images/AQUA7_33833_checkout_2020-10-22-16-12IobCBRbokv_jpg.rf.AFVMXbPBBYeTYSPF8WoV.jpg	80A33833
train/images/AQUA7_33928_checkin_2020-10-27-19-29wBsH5fQLq6_jpg.rf.VozYKp7wfn5Hx22TgnO2.jpg	29A33928
train/images/AQUA7_33928_checkout_2020-10-28-6-5zGHhNCcA7e_jpg.rf.6oPeooOlLis1LIRpztCR.jpg	29A33928
train/images/AQUA7_34A31506_checkin_2020-10-28-17-6oBDBdgP8s3_jpg.rf.z7wTV7pTD5FJ59GR8qvT.jpg	34A31506
train/images/AQUA7_38452_checkin_2020-10-24-9-47Xra7VvXe1Q_jpg.rf.4q8RbfHsdnNxgCXAEVjC.jpg	29H38452
train/images/AQUA7_40304_checkin_2020-10-25-12-31ttRM9Dny7e_jpg.rf.Hjpe4iszcfVKRNfd5MMb.jpg	30G40304
train/images/AQUA7_44167_checkin_2020-10-27-19-36UtRmbules6_jpg.rf.G911kgOsoWlGYmAz34MD.jpg	30G44167
train/images/AQUA7_46294_checkin_2020-10-24-11-16SzHPPHe0FM_jpg.rf.BnyI77884jaL5RYQfILX.jpg	29A46294
train/images/AQUA7_46437_checkin_2020-10-27-19-50xX8Q9rVzaq_jpg.rf.JpvBcGngNV1TA78hf3ea.jpg	80G46437
train/images/AQUA7_50167_checkin_2020-10-26-9-6KPOMzQxODP_jpg.rf.9C7Ck0nNnwk1yvUUikyd.jpg	30F150167
train/images/AQUA7_51443_checkin_2020-10-22-9-49NpDKn8SFVx_jpg.rf.C6Adysz5x6F92aSk7IVy.jpg	30F51443
train/images/AQUA7_51624_checkin_2020-11-1-9-21B5RmLxA6l3_jpg.rf.2PWOd5IWrlWtgltBoW9Z.jpg	30G51624
train/images/AQUA7_54201_checkin_2020-10-30-12-5hUfSOCqk7P_jpg.rf.XN0666Ew7jTt8QGppCQK.jpg	30G54201
train/images/AQUA7_54745_checkin_2020-11-1-12-34j1_H2wpFwC_jpg.rf.7TYqZXCmF1GZHTYzWBR7.jpg	80E54745
train/images/AQUA7_55695_checkin_2020-11-1-16-338YvhqV67Zl_jpg.rf.JkOrS7OYdZfT66Hb58az.jpg	30A55695
train/images/AQUA7_57808_checkin_2020-10-24-11-15pF2C6xIVhz_jpg.rf.xl12JYHQ7sJ1LILAscEz.jpg	30F57808
train/images/AQUA7_60513_checkout_2020-10-27-6-21g23QIg6Vwv_jpg.rf.vo9vJ03YDM3WUh8D144j.jpg	29T160513
train/images/AQUA7_60863_checkin_2020-10-31-7-56FG9iiBZhOv_jpg.rf.7H12mPY7phiMcWHbBdty.jpg	30E60863
train/images/AQUA7_60947_checkin_2020-10-29-11-15I5EXDUFjtm_jpg.rf.YaFqgxomgpou70eqPd78.jpg	30F160947
train/images/AQUA7_60986_checkin_2020-10-24-9-53oJ4ToE8ioP_jpg.rf.5cIrxgd5wTwJ1xlcUlgv.jpg	29A60986
train/images/AQUA7_65169_checkin_2020-10-26-10-44KVGU5eWgTQ_jpg.rf.ZYaWr2FhFpeRnYfEE6eY.jpg	29A65169
train/images/AQUA7_65900_checkin_2020-11-1-23-17cDAUxnnDua_jpg.rf.e80dpMkf8ysJGu5sVv5T.jpg	30F65900
train/images/AQUA7_78286_checkoutex_2020-10-24-7-35_t4_Sdhb7B_jpg.rf.GpQQEwAU1zIrQmuhPmGv.jpg	30F78286
train/images/AQUA7_78287_checkoutex_2020-10-24-9-449wyKFhUckx_jpg.rf.2z8y5kQUQFbvJt1DUU3r.jpg	29H38452
train/images/AQUA7_80377_checkin_2020-10-30-19-32kOAinTr9Go_jpg.rf.FCYkmZ7K01PvyEtRzxjj.jpg	30E80377
train/images/AQUA7_81839_checkin_2020-10-27-9-19wQC4yMLDcC_jpg.rf.nEFO1LlrOfkFoOI9XkEu.jpg	29C81839
train/images/AQUA7_89A07379_checkin_2020-10-19-12-11cPQPwTOd90_jpg.rf.9Cz5alFv7ISBxmHhUgkY.jpg	89A07379
train/images/AQUA7_89A07379_checkin_2020-10-19-9-521ib3jDc4nz_jpg.rf.2WSQzK8gfiBslaUzE1gy.jpg	89A07379
train/images/AQUA7_91177_checkin_2020-10-29-13-6OyGuWtJecr_jpg.rf.vsgkbupVj8o5BtOiVvuz.jpg	30E191177
train/images/AQUA7_95191_checkin_2020-10-27-10-42TNC7YThCI5_jpg.rf.qODyRRba4Enl3DoBWvJJ.jpg	30F195191
train/images/AQUA7_96416_checkin_2020-10-26-12-39HnFWXE6QO5_jpg.rf.fhMa8xpxWH3dNeVREXk1.jpg	30E96416
train/images/AQUA7_97974_checkin_2020-10-31-22-7Z6G0B5MPnd_jpg.rf.lVj2LGtbQvXH1xJopaBD.jpg	30E97974
train/images/AQUA7_98A17339_checkin_2020-10-19-12-10cUK6OHeUFG_jpg.rf.vhWPq7YWa85x5RT45ovz.jpg	98A17339
train/images/AQUA7_99015_checkin_2020-11-1-12-29kRe7c09_eC_jpg.rf.IJ83lM9cZ5tpgBZnvUi9.jpg	80F99015
train/images/AQUA7_99A27405_checkin_2020-10-28-14-393rHOQhDOMz_jpg.rf.ENTkfqTgvc9RUnFwlsbj.jpg	99A27405
valid/images/AQUA2_0009_checkin_2020-10-29-15-4239Xitox8VR_jpg.rf.eSZnnY69ckba2lN0vygc.jpg	66S0009
valid/images/AQUA2_0009_checkin_2020-10-29-9-1NqN17YSGrR_jpg.rf.bwW8hLMpjXSU0ZHT6ue9.jpg	56S0009
valid/images/AQUA2_29C80581_checkin_2020-11-2-16-48xYZYW2rma8_jpg.rf.Q0kp1ZD2JOfxw2JcWK1l.jpg	29C80581
valid/images/AQUA2_33254_checkin_2020-11-2-14-171KCA8igSZ9_jpg.rf.0aIxER6WkvGM8ji2GtN6.jpg	99A33254
valid/images/AQUA2_37986_checkin_2020-10-29-16-50XtY9BGKZIN_jpg.rf.T7arMGUkocZOkhRkJIf6.jpg	30G37986
valid/images/AQUA2_5204_checkin_2020-10-23-15-11wDy3AKRGM4_jpg.rf.WzilD8tOGzyTyMLAXcfG.jpg	30F5204
valid/images/AQUA2_5204_checkin_2020-10-23-9-42HT_8n356q8_jpg.rf.03twFjkwesujYp8ioqof.jpg	30F5204
valid/images/AQUA2_5204_checkin_2020-10-23-9-51moGM7azDqX_jpg.rf.rqwYFLwLICb0i9yAbQy8.jpg	30F5204
valid/images/AQUA2_5204_checkin_2020-10-23-9-57K2Q1LbAOHn_jpg.rf.4HYZInBd1ZPfJEAndwtS.jpg	30F5204
valid/images/AQUA2_60432_checkin_2020-11-2-9-51Rx2KnII3af_jpg.rf.doQcdEMWW5K6ljGpk5su.jpg	29A60432
valid/images/AQUA2_63563_checkin_2020-10-23-15-48hO1W_9OLoW_jpg.rf.UGVwJLV323NeNbSLPiAt.jpg	30E63563
valid/images/AQUA2_68947_checkin_2020-10-27-14-34Tl08YAwQ2E_jpg.rf.Xztlctgc9Co81CXnMjQz.jpg	30F68947
valid/images/AQUA2_8692_checkin_2020-10-25-8-52Pgbjbqh41y_jpg.rf.FS2k43o1FEzbEHxxOYAA.jpg	30V8692
valid/images/AQUA4_01418_checkin_2020-10-23-8-30V_A_uWFhhN_jpg.rf.hKYRWNsoVP4om8SW7J6h.jpg	36A01418
valid/images/AQUA4_17888_checkin_2020-11-2-10-54n7rkYMs7cD_jpg.rf.B2QnJMypPN0TWM6orr6v.jpg	89A17888
valid/images/AQUA4_19185_checkin_2020-10-28-12-583ReYE7alsM_jpg.rf.06V1gVPSBqNto0v0DIjB.jpg	30G19185
valid/images/AQUA4_26128_checkin_2020-11-1-15-47kFnCiOFAy2_jpg.rf.6hV38Rby5r5XgQvqVQcg.jpg	29A26128
valid/images/AQUA4_71103_checkin_2020-10-29-15-18Hiktgyiiem_jpg.rf.PTBtG5x7aHr0nGr9CgbH.jpg	30A71103
valid/images/AQUA4_71103_checkin_2020-10-30-16-49fmhlrXzwPK_jpg.rf.KZDkgENcgQ4xPcBCwke8.jpg	30A71103
valid/images/AQUA4_72929_checkin_2020-10-30-15-5333er92waDI_jpg.rf.4yMmvGHvrkVHO3mzLSTj.jpg	80F72929
valid/images/AQUA5_00082_checkin_2020-11-2-17-22WNUwb21yf4_jpg.rf.Yy0EtGUz1Mm6a3Vz510V.jpg	16VT00082
valid/images/AQUA5_06737_checkin_2020-10-26-23-909eOf9Nv7b_jpg.rf.HfeuDe98nBGpVSZbbnyG.jpg	29H06737
valid/images/AQUA5_06737_checkin_2020-10-27-20-55MzJsxZCL7u_jpg.rf.D3KkZRcOHNDmkbZZwWyS.jpg	29H06737
valid/images/AQUA5_09566_checkout_2020-10-22-11-72M6un7c40O_jpg.rf.2dMykFUgMICjWzfWKtyl.jpg	29D09566
valid/images/AQUA5_11292_checkin_2020-10-27-21-13FX_QefRG8U_jpg.rf.vKpELmuHx9pmr5PnIM3Z.jpg	30F11292
valid/images/AQUA5_11292_checkout_2020-10-27-23-54LsEerCy9H9_jpg.rf.46WQrmvg2pbilrRXaRi5.jpg	30F11292
valid/images/AQUA5_12997_checkin_2020-10-29-9-56cPVki3ADPv_jpg.rf.1Ooqoc4jVI1DagfgiwTL.jpg	29H12997
valid/images/AQUA5_15079_checkin_2020-10-31-18-109r4mPmRJS1_jpg.rf.J89mPMJH2zCfEdJJsHhe.jpg	29H15079
valid/images/AQUA5_1910_checkoutex_2020-10-23-17-21WPGTypzWj9_jpg.rf.Ezf1Xu2uIpaskfjyeS6s.jpg	29T1910
valid/images/AQUA5_21592_checkin_2020-10-30-11-50GQNW1K_jgV_jpg.rf.DYzYmCdujO2TGU9f548Y.jpg	30T621592
valid/images/AQUA5_22443_checkin_2020-11-1-11-15oXXet4vLN3_jpg.rf.r0numLPYBTiJixJXiiz5.jpg	29A22443
valid/images/AQUA5_25495_checkin_2020-10-27-7-7raNEheXCZX_jpg.rf.DrwvuXP8tUxdpASTuI1z.jpg	80G25495
valid/images/AQUA5_30E89023_checkin_2020-10-26-20-2fWf3FOPwY1_jpg.rf.Ycz6Jd3IJw9LYrWPCC6E.jpg	30E89023
valid/images/AQUA5_32080_checkin_2020-10-28-8-20LhQ_gohBNq_jpg.rf.FlZNawqSGCP9vURDCYF5.jpg	80F32080
valid/images/AQUA5_38721_checkin_2020-11-1-19-48UeLYci8v1H_jpg.rf.DSeIl3dKOS3DnrtLWoQM.jpg	80E38721
valid/images/AQUA5_40433_checkin_2020-10-28-9-22mUQcrl4Wbf_jpg.rf.zrPWiFTAzEHEIDPxqHWc.jpg	29H40433
valid/images/AQUA5_4253_checkin_2020-10-27-10-41aPS_uwLE_E_jpg.rf.bAFfQKcLMA3iHk8Q7s8P.jpg	30M4253
valid/images/AQUA5_54659_checkin_2020-10-31-17-8k0NXDSX42M_jpg.rf.WMmOzehn9NbvgXf2JrbN.jpg	80F54659
valid/images/AQUA5_70256_checkin_2020-10-27-22-14x0Rb31QfdB_jpg.rf.daqa6ZdfLole6UclVePu.jpg	29C70256
valid/images/AQUA5_89A20061_checkin_2020-10-19-14-488QmDTMfuV7_jpg.rf.19qe1EkFUGDZ8CsNRpQR.jpg	89A20061
valid/images/AQUA5_90230_checkin_2020-10-31-8-0tWaizksrK3_jpg.rf.XQu4QE3Q1iCmuNis8gz5.jpg	80F90230
valid/images/AQUA5_90955_checkin_2020-10-31-11-39GrIwxwpXx__jpg.rf.xX9LLAE03wuyxYiR8vcn.jpg	30E90955
valid/images/AQUA7_30A60434_checkin_2020-10-25-19-512gQoUFJeAl_jpg.rf.P8Ysbj2feTfOvmWpeFSl.jpg	30A60434
valid/images/AQUA7_32510_checkin_2020-10-27-11-56pdaprv3W5U_jpg.rf.EcoXEPq9MBeuG3yNtoY4.jpg	29A32510
valid/images/AQUA7_35851_checkout_2020-10-31-9-11NoodReUZ0O_jpg.rf.d2HmV9Kb5X4EnpzRk6Ix.jpg	34A135851
valid/images/AQUA7_36336_checkin_2020-11-1-14-7UhMszkJjZ1_jpg.rf.jL6URUv119kJ8n8qfqTu.jpg	30G36336
valid/images/AQUA7_46748_checkin_2020-10-27-16-46XTu5K3Oqn8_jpg.rf.VZG0PAGXi3Le5wAvNZHX.jpg	29C46748
valid/images/AQUA7_47662_checkout_2020-10-28-6-37tIkalt3_W__jpg.rf.L756ze9STk4Wl5N6v95E.jpg	30E347662
valid/images/AQUA7_51271_checkin_2020-10-27-19-556NV5OjW8uw_jpg.rf.t3xTWuNx04hJukfPyCEa.jpg	80F51271
valid/images/AQUA7_51624_checkin_2020-11-1-9-22a4enV9IJBx_jpg.rf.NdBDVMHYUxCP1sU86Kgw.jpg	30G51624
valid/images/AQUA7_78286_checkoutex_2020-10-24-7-37M94biu80Qy_jpg.rf.2LOpevB5L9HTLU7uiobQ.jpg	30F78286
valid/images/AQUA7_82771_checkin_2020-11-1-7-42qzNT0orBVD_jpg.rf.mBOeV8jmEXAqTn1DpZCZ.jpg	30A82771
valid/images/AQUA7_91177_checkin_2020-10-27-9-51IC0IB7Un_5_jpg.rf.VnwTNrT5v5LVHbQ3SoK7.jpg	30E91177
valid/images/AQUA7_97974_checkin_2020-10-31-22-7BdoQs_fulx_jpg.rf.g5w3V97OXKmUhCDV4BbE.jpg	30E97974
valid/images/AQUA7_98A 17339_checkout_2020-10-19-12-112VJOs3NnPd_jpg.rf.ndycaAdoTSY6DQBd4hRP.jpg	98A17339
